avg_speed,max_speed,speed_excess,speed_consistency,harsh_brakes_count,harsh_accels_count,lane_changes_count,speeding_percentage,avg_congestion,avg_visibility,trip_duration_minutes,total_harsh_events,events_per_minute,braking_intensity,lane_change_intensity,safety_index,road_type_encoded,time_of_day_encoded,weather_encoded,difficult_conditions,low_visibility
-1.3219092049569052,-0.4824279079722834,1.0327824808564001,0.6072452514078882,-0.030502496902934162,-0.22524444784824055,-0.27190099544602103,-0.6072452514078878,1.9059757924852587,1.671129913346182,-0.7699933452255859,-0.09620213737477291,0.4779144178710861,0.6457554824114954,0.21413363223268592,-0.1920910862549459,0,3,0,1,0
-1.3245710440172576,-1.2980857796137726,-0.3372822202349637,-0.06163815408087597,-0.7281389035309765,-0.5400585994846452,-0.9259583728075835,0.06163815408087607,-0.9947915267214138,-1.1169909014128285,-1.7512932754196209,-0.6699316041465813,0.7431721805074462,0.600296001411618,-0.62298423374879,-0.4847673487354682,3,4,4,0,1
-1.056105561644573,-0.04056069930096625,1.4059539201695463,0.6129472083071366,1.0948817794824481,0.7902850735595164,1.129650527471613,-0.6129472083071362,1.545131548670902,1.671129913346182,0.5384065616997938,1.000030950921361,0.759796856584995,0.8529718700586332,0.9174033841412432,-0.6083085305321801,2,3,0,1,0
2.163198650490196,1.1665373101221026,-1.05496043638201,0.3730264064695276,-0.8961827095070743,-0.8447174559069723,-0.7390848364185657,-0.37302640646952717,-0.31864648734111445,-0.41996069772307587,1.5197064918938286,-0.8850801541860094,-1.1572821695201458,-1.1978790248057578,-1.064796440794569,1.4052388681376478,1,3,2,0,1
0.5649544261100359,1.4419951848572892,1.6400486637500538,0.5655771048364567,-0.10688604507388771,-0.07291501963707701,-0.27190099544602103,-0.5655771048364565,-0.7145241528850204,-0.41996069772307587,-0.966253331264393,-0.09620213737477291,0.7588414154311129,0.7888686633370354,0.4621685554864565,-0.5093351542811941,1,2,2,0,1
0.5592504852664234,0.3407940243026665,-0.2066987578295101,-0.2541888524478051,-0.24946866832633433,-0.5400585994846452,-0.17846422725151206,0.25418885244780537,0.9705834323062954,-1.1169909014128285,1.5851264872400976,-0.3489163072623552,-0.7697336862013336,-0.7265359849649229,-0.6572522165667452,0.7040234244331611,2,0,4,1,1
0.45239666012942004,1.230516656313456,1.4409885076441795,0.6011046824394665,0.0204198685443682,0.40438385542456873,0.10184607733201473,-0.6011046824394662,-0.2310629330172416,-0.41996069772307587,-0.900833335918124,0.14968191981314494,1.189745375831951,0.9594524858024629,1.1932188556028331,-1.044311904835419,1,3,2,0,1
-0.48647200272916047,-1.2980857796137726,-1.5072251110545554,-2.7950685691667614,-0.9471050749543767,-0.8447174559069723,-0.45877453183503886,2.795068569166762,-0.8476511554573073,0.6255846078115531,1.3888665012012906,-0.9192307176843313,-1.1815321759496304,-1.2343588552377582,-0.8400147915958392,-0.003955041437355548,3,4,3,0,0
-1.262968482906245,-1.2980857796137726,-0.4232762076727014,0.292760397810876,-0.43278918393662286,-0.5603691899128004,-0.27190099544602103,-0.2927603978108755,-0.8966979458786759,-0.7684757995679522,1.1271865198162148,-0.4786884485559785,-0.8156033096989309,-0.8026846033134896,-0.6490279006904358,0.976844050786876,3,4,1,0,1
1.2243299876316147,1.0319600646851188,0.028988466999845683,0.6142630445146552,-0.4276969473918926,-0.6111456659831882,-0.45877453183503886,-0.6142630445146551,-0.6584706781177415,0.6255846078115531,0.4729865663535248,-0.49234867395530724,-0.7316945566826949,-0.6796409414071546,-0.6880934011029047,1.056084783037185,1,2,3,0,0
0.0432339702809662,0.3407940243026665,0.5136335937322803,-0.0011096885350073591,1.8790862073709045,2.5065299647386254,2.344328514000229,0.0011096885350075734,1.2858842278722382,-1.1169909014128285,0.9963465291236767,2.103094151917159,1.4218459181387657,1.2234697201182718,1.655836623645228,-1.6192776318476243,2,0,4,1,1
-1.2469974485441306,-1.2980857796137726,-0.44557094515655926,0.3094276564394481,-0.3207599799525576,-0.6009903707691107,0.19528284552652367,-0.309427656439448,-0.9597581049918645,-0.7684757995679522,1.3234465058550218,-0.417217434258999,-0.7898998515052782,-0.7412828540082462,-0.3158655198142862,0.8757449702716557,3,4,1,0,1
-1.2390119313630734,-1.2980857796137726,-0.45671831389848827,0.27609313918230344,-0.6364786457258323,-0.6517668468394985,-0.45877453183503886,-0.27609313918230305,0.42756539549828326,0.6255846078115531,0.015046598929641896,-0.6460262096977559,-0.8230390739081619,-0.8172132697663798,-0.5637940816086856,0.953621277620662,3,3,3,1,0
1.176797147268179,0.18793696566815266,-1.3262130757689465,-3.3766681728901062,-0.9827507307674884,-0.8447174559069723,-1.0193951410020925,3.3766681728901062,-0.6129272298693277,-0.7684757995679522,-1.5550332893808139,-0.9431361121331566,-1.1606398627180745,-1.2029300782501886,-1.274075907289938,-0.15990539125948686,2,4,1,0,1
-0.07997115194105876,0.3407940243026665,0.6856215686077555,0.26381200124546045,0.10189565326005198,0.008327342075543538,-0.36533776364052994,-0.2638120012454601,-0.8476511554573073,0.6255846078115531,-0.7699933452255859,0.07113562376700451,0.8069683512680897,0.9084102615218987,0.02810743979235793,-0.5669393882914893,2,4,3,0,0
-1.0272055947036043,-0.478645877655553,0.6277614165663149,0.4462746220214116,0.15281801870735434,0.08956970378816409,-0.27190099544602103,-0.44627462202141144,1.0126235383817543,-0.41996069772307587,-0.639153354533048,0.13260663806398398,0.7421502738819894,0.8109029689424511,0.08472410705680561,-0.4486276473136405,0,2,2,1,1
0.5216044756985826,1.5330790816518762,1.853971978178501,0.5892621565717968,0.17827920143100554,0.04894852293185382,0.10184607733201473,-0.5892621565717964,-1.1839720040609794,0.6255846078115531,-0.639153354533048,0.13602169441381617,0.7482817136347287,0.8570212830002978,0.7641241142301773,-0.5689851642226217,1,1,3,0,0
-0.18834602796969208,-0.9167310560101397,-1.2810927737182827,0.5278564668875824,-0.8910904729623441,-0.8447174559069723,-0.6456480682240567,-0.5278564668875819,1.6151983921300006,-0.41996069772307587,1.7813864732789046,-0.8816650978361772,-1.1582894774795247,-1.199394340839087,-1.0136392378734789,1.4597394096081107,0,3,2,1,1
-0.6682375842789384,-0.0008493809752989805,0.9313945080131417,0.5901393807101427,1.0235904678562249,0.658266235776508,0.2887196137210326,-0.5901393807101423,-1.0123082375861883,1.671129913346182,0.34214657566098683,0.9078244294758917,0.8149207825263417,0.9427042559604026,0.16517937106417854,-0.4681089105201832,2,1,0,0,0
-0.6062547604450182,-0.478645877655553,0.040135835741773936,0.3958342340665214,-0.32585221649728785,-0.5095927138424126,-0.08502745905700314,-0.3958342340665211,0.37151192073100453,-0.7684757995679522,1.0617665244699457,-0.38989698346034146,-0.7327738152106006,-0.7021542081880463,-0.4768207968313894,0.9073955436460511,0,2,1,1,1
1.9723067635906377,0.9370941375738017,-1.1749273571284824,0.608122475546234,-0.9623817845885675,-0.8447174559069723,-0.8325216046130746,-0.6081224755462337,-0.38520998862725797,-0.41996069772307587,-0.44289336849424105,-0.9294758867338279,-1.169679805943267,-1.216529068292887,-0.9735720579632542,1.4935359965458428,1,3,2,0,1
0.44060851571928794,1.286616772678288,1.5519313679805204,0.6024205186469856,1.222187693100704,0.9730803874129127,0.00840930913750579,-0.6024205186469852,-0.7390475480957047,-1.1169909014128285,0.6038265570460628,1.146878373964145,0.8573337492370187,0.9286144752996219,-0.2509318488681339,-0.3897329122400376,1,2,4,0,1
1.951012051107819,1.7297446581218483,0.18982907313339065,-0.004618585088390651,-0.8045224517019302,-0.7736303894084293,-0.7390848364185657,0.004618585088391255,-1.197985372752799,-0.41996069772307587,-1.031673326610662,-0.7997037454402046,-0.8343510884252476,-0.7994400442774199,-0.5846847235404871,0.8470471492186905,1,1,2,0,1
-0.7853585029344438,-1.3664774945079778,-1.2051845008565756,-0.02216306785530906,-0.9420128384096464,-0.8447174559069723,-0.7390848364185657,0.022163067855309665,0.15430470600779958,-1.1169909014128285,0.27672658031471786,-0.9158156613344991,-1.165721776747372,-1.2105749158958137,-0.9573286066482983,1.2132705071983034,3,3,4,0,1
0.5714188923994632,-0.2687431950770246,-1.250304802907241,0.44276572546802834,-0.9827507307674884,-0.8447174559069723,-0.7390848364185657,-0.4427657254680278,-0.7110208107120654,-1.1169909014128285,-0.7699933452255859,-0.9431361121331566,-1.1875014083015036,-1.2433385058056352,-0.7159973299689539,1.3697196621846834,2,4,4,0,1
0.8558554091342617,1.8602247040490423,1.9383734843673919,0.5454009496545008,1.262925585458546,0.9121486161284472,0.2887196137210326,-0.5454009496545004,-0.8021077072088932,-1.1169909014128285,0.5384065616997938,1.1537084866638094,0.9145783235138991,1.0237221157654903,0.05986800923338971,-0.5432216405142207,1,2,4,0,1
-0.2868340732027308,0.3407940243026665,0.9743915017320106,0.27126840642140093,2.2813728944045932,2.8314994115891077,3.0918226595563008,-0.27126840642140043,1.692271919935009,-0.41996069772307587,1.3888665012012906,2.4821654067485324,1.4195608213790645,1.2563717210271335,1.9090389411334518,-1.565516950271791,2,0,2,1,1
1.4064758319043003,1.0792354436442468,-0.14565364329037503,0.5905779927793156,-0.38186681848932047,-0.6111456659831882,0.10184607733201473,-0.5905779927793152,-0.7986043650359383,-0.41996069772307587,0.9309265337774077,-0.4616131668068175,-0.7755767491683896,-0.7274862391403589,-0.27665887548222196,0.9752201265852782,1,2,2,0,1
2.088286894077421,1.0105285595569804,-1.213146907100811,0.2883742771191464,-0.9878429673122187,-0.8447174559069723,-0.9259583728075835,-0.28837427711914587,-0.22755959084428667,-0.41996069772307587,-1.227933312649469,-0.9465511684829888,-1.1875014083015036,-1.2433385058056352,-0.9950366186294458,1.3756553537399343,1,0,2,0,1
1.1376300868087086,0.8791030060506044,-0.10743409331804797,0.6234738979672878,-0.5957407533679904,-0.7431645037661966,-0.45877453183503886,-0.6234738979672871,-0.40272669949203255,-0.41996069772307587,0.08046659427591088,-0.6494412660475881,-0.8384988270815124,-0.7807214344539409,-0.5846847235404871,1.1222876678339333,1,3,2,0,1
-0.3085090484084575,-1.2980857796137726,-1.7556521858746865,-3.645537371293131,-0.9521973114991069,-0.8447174559069723,-0.7390848364185657,3.6455373712931305,-0.8196244180736678,-1.1169909014128285,1.4542864965475597,-0.9226457740341635,-1.1845710578742203,-1.2389303137086773,-1.0609913595855622,-0.3118128451420122,3,4,4,0,1
1.4121797727479126,0.9424520138558362,-0.38399500353447563,0.6217194496905957,-0.7637845593440882,-0.6822327324817312,-0.8325216046130746,-0.6217194496905953,-1.194482030579844,1.671129913346182,-0.900833335918124,-0.7416477874930573,-0.7474668786782279,-0.7600324446490432,-0.8628601134744761,1.1180390576415198,1,1,0,0,0
-1.309360535100958,-1.2980857796137726,-0.3585153035529237,-0.014268050610196167,1.003221521677304,0.6988874166328183,1.5033976002496487,0.0142680506101964,-1.1209118449477908,-0.7684757995679522,0.6038265570460628,0.9078244294758917,0.6222952253820162,0.7114191771890963,1.2372776906544902,-0.8482881424647893,3,1,1,0,1
1.6912926113620064,1.8019184033327844,0.6739433727828786,0.38530754440637055,-0.46334260320500426,-0.6314562564113433,0.47559315011005043,-0.38530754440637,-0.3431698825517989,-0.7684757995679522,0.40756657100725585,-0.523084181103797,-0.7520344289393779,-0.7024872446788878,0.32861128911904164,0.7089579834358223,1,3,1,0,1
-0.735544086233563,-0.478645877655553,0.2206170439444332,0.0822266046078551,0.2597549861466893,0.03879322771777625,0.5690299183045594,-0.08222660460785473,-0.7110208107120654,-1.1169909014128285,-0.573733359186779,0.18724753966129906,0.754924106700196,0.9096730248830062,1.4930637052599411,-0.9839503831357661,0,1,4,0,1
-1.2949105516304737,-1.2980857796137726,-0.3786867327049856,0.07740187184695257,-0.4531581301155438,-0.42835035212979194,-0.5522113000295478,-0.0774018718469522,-0.8441478132843523,1.671129913346182,-1.293353307995738,-0.44795294140748876,0.3978463493050962,0.47246549501025287,0.22844333934348054,-0.35823470982511846,3,4,0,0,0
-0.40357472913532877,-1.2980857796137726,-1.622945415137437,-3.2349964745472404,-0.9572895480438371,-0.8447174559069723,-0.8325216046130746,3.2349964745472404,-0.3711966199354383,1.671129913346182,-0.31205337780170306,-0.9260608303839957,-1.1673552491139316,-1.2130321851390502,-0.9950366186294458,-0.1657380584582347,3,2,0,0,0
1.3809982294694987,1.9796738282191055,1.406484747252495,0.09363051840635225,2.9433636452195238,3.5728359622167702,2.904949123167283,-0.09363051840635168,-0.8721745506679915,-1.1169909014128285,1.7159664779326356,3.1754218457644674,1.6821311647892103,1.5094000103338383,1.506858020377338,-1.756767517875428,1,2,4,0,1
-0.14157371305207153,-0.9057001342530097,-1.327805557017794,0.39276394958231053,-0.931828365320186,-0.8447174559069723,-0.8325216046130746,-0.3927639495823103,-0.725034179403885,1.671129913346182,0.7346665477386007,-0.9089855486348347,-1.1659816473511428,-1.2109658450936012,-1.0965054508696248,1.4293088992371434,0,1,0,0,0
-0.4549101967278393,-0.478645877655553,-0.17113334327192714,-0.396299162859844,2.3170185502177048,2.587772326451246,2.904949123167283,0.39629916285984446,-0.3011297764763398,1.671129913346182,1.3234465058550218,2.424109448801385,1.4238969618610857,1.3321269334830208,1.82168072916986,-1.8352227925110247,0,4,0,0,0
0.9961723538871236,0.6386289117451732,-0.3149874827511053,0.6256669583131524,-0.4022357646682414,-0.5400585994846452,-0.36533776364052994,-0.625666958313152,0.19634481208325846,-1.1169909014128285,0.5384065616997938,-0.45136799775732095,-0.7020281088546549,-0.6682575916933642,-0.6071039490282741,1.015137072381148,1,0,4,0,1
0.043614233003873876,-0.025117408840984585,-0.1031874766544557,0.5068030875672802,-0.7077699573520556,-0.661922142053576,-0.5522113000295478,-0.50680308756728,0.042197756473242094,-0.7684757995679522,-0.5083133638405101,-0.6972520549452388,-0.7845782245500705,-0.7899559486335239,-0.49276589904056034,1.0028219398570333,2,2,1,0,1
0.7927317971316192,1.3121454773162171,1.1033824828886167,0.5892621565717968,-0.5499106244654183,-0.42835035212979194,-0.5522113000295478,-0.5892621565717964,-0.24507630170906128,0.6255846078115531,-1.424193298688276,-0.5128390120543004,0.44616895490885183,0.42350913085653885,0.5016286569131928,-0.2483126926253744,1,3,3,0,0
-0.9264359731331205,-0.1571733007334822,1.0285358641928082,0.6129472083071366,-0.06105591617131558,-0.011983248352611602,-0.45877453183503886,-0.6129472083071362,1.0932004083597175,-0.41996069772307587,-0.966253331264393,-0.04497629212729003,0.8763606773586142,0.8949407856700828,0.02810743979235793,-0.4738055093939592,2,3,2,1,1
2.2658695856752162,1.144790635800904,-1.2349108175017196,-0.7292057233621204,-0.9674740211332977,-0.8447174559069723,-1.0193951410020925,0.7292057233621211,-1.0123082375861883,-0.41996069772307587,-1.097093321956931,-0.93289094308366,-1.1547638996216996,-1.1940907347224348,-1.274075907289938,0.980753237782665,1,4,2,0,1
-1.3911170205260674,-1.2980857796137726,-0.24438748071888902,0.12433336324845946,0.1477257821626241,0.2926756080697155,0.7559034546935772,-0.12433336324845892,0.7078327693346766,1.671129913346182,-0.704573349879317,0.19749270871079563,0.952570138123721,0.8960122212492045,2.0997627646960106,-1.2889090995316232,3,3,0,1,0
2.1434249888990062,1.170319340438833,-1.0209875030732734,0.3642541650860684,-0.9420128384096464,-0.8447174559069723,-0.6456480682240567,-0.364254165086068,-0.38871333080021286,1.671129913346182,-0.377473373147972,-0.9158156613344991,-1.1501937061022969,-1.187215689756404,-0.6953277530311398,1.2992098092470707,1,3,0,0,0
1.3551403643117899,0.9601014886672441,-0.2746446244469819,0.6024205186469856,-0.6670320649942137,-0.7533197989802741,-0.7390848364185657,-0.6024205186469852,-1.0578516858346023,1.671129913346182,-0.639153354533048,-0.700667111295071,-0.7539210257863745,-0.674106743720213,-0.7645259019099091,1.0894428938094525,1,4,0,0,0
-1.0393740018366437,-0.478645877655553,0.6447478832206828,0.4208351220093803,-0.010133550724013217,-0.06275972442299944,-0.45877453183503886,-0.4208351220093798,-0.2310629330172416,-0.41996069772307587,-0.7699933452255859,-0.027901010378129067,0.6122221457882304,0.6861639099669419,-0.15791875264797003,-0.2879008045535129,0,4,2,0,1
-0.4416010014260773,-0.478645877655553,-0.18971229117514216,-0.18839704207186103,0.1324490725284334,-0.12369149570746486,-0.17846422725151206,0.18839704207186142,-0.24157295953610636,-0.41996069772307587,-0.639153354533048,0.04723022931817917,0.5888642800635097,0.774008317696174,0.25457410885014864,-0.6395457188212716,0,4,2,0,1
-0.7450506543062502,-0.478645877655553,0.23388772101815816,0.0059081045717602,0.2597549861466893,0.6074897597061202,0.7559034546935772,-0.0059081045717597125,1.9024724503123038,1.671129913346182,-0.704573349879317,0.3784906952519018,1.292307640786861,1.1081564659152994,2.0997627646960106,-1.6238100679140148,0,0,0,1,0
-0.7328822471732107,-0.15591262396123903,0.760468187303564,0.574349346219916,0.07134223399167057,-0.03229383878076674,-0.08502745905700314,-0.5743493462199157,-0.6935040998472908,0.6255846078115531,-0.7699933452255859,0.03698506026868259,0.7398144873095175,0.8477976201887286,0.5861860171133418,-0.5219826465926546,2,4,3,0,0
1.0201289054302956,1.9796738282191055,1.910239648971094,0.400220354758251,1.3189401874505784,1.5925533954716444,1.8771446730276844,-0.4002203547582507,-0.6059205455234178,1.671129913346182,0.21130658496844887,1.4200828819507205,1.514882000498038,1.4076227102798125,2.0898977393393263,-1.636453007553229,1,2,0,0,0
-0.0236922689507511,0.8025168921368172,1.3847208368515864,0.6256669583131524,0.7842553502539037,0.5262473979934996,0.00840930913750579,-0.625666958313152,-0.29412309213043,0.6255846078115531,0.08046659427591088,0.7029210484859602,0.8040056807993292,0.910192986266992,-0.010192070415944754,-0.39790596761712854,1,0,3,0,0
-1.3489078582833365,-1.2980857796137726,-0.3033092869262278,0.13222838049357236,1.5379063588739788,1.0035462730551454,1.4099608320551398,-0.1322283804935722,-1.1384285558125655,-0.7684757995679522,1.3234465058550218,1.3688570367032376,0.6017055972815106,0.719710529069577,0.6423448676613656,-0.612617774925004,3,1,1,0,1
-1.3317960357524996,-1.2980857796137726,-0.3271965056589328,0.1256491994559782,0.6875028559040292,0.3942285602104912,0.10184607733201473,-0.12564919945597777,0.3154584459637258,-0.7684757995679522,-0.050373396416627095,0.5936392452913299,0.7887108945043528,0.9207222042926987,0.19088035817764498,-0.6539115168193927,3,3,1,1,1
-0.9465898974472173,-0.478645877655553,0.515226074981127,0.344078009904112,-0.0355947334476644,0.008327342075543538,-0.27190099544602103,-0.3440780099041118,0.7778996127937751,0.6255846078115531,-0.7699933452255859,-0.021070897678464682,0.6256529185799448,0.6356533755226337,0.21413363223268592,-0.42931604720160166,0,2,3,1,0
0.71249636259814,0.3407940243026665,-0.4206220722579564,-0.8362270682403226,-0.4531581301155438,-0.6314562564113433,-0.08502745905700314,0.8362270682403232,-0.7040141263661556,1.671129913346182,0.4729865663535248,-0.5162540684041326,-0.7563736016874701,-0.7061589719904164,-0.297438396978216,0.347221014545046,2,4,0,0,0
0.050078699293300916,0.9172384784109681,1.4749614409529161,0.6234738979672878,0.6009348346436152,0.5059368075653444,-0.17846422725151206,-0.6234738979672871,-1.0928851075641515,0.6255846078115531,-0.050373396416627095,0.5731489071923368,0.762269060570665,0.8080205743138358,-0.17535870818925073,-0.3209511921209839,1,4,3,0,0
0.09532996331929182,0.6067968232460269,0.8889283413772217,0.6256669583131524,-0.5091727321075764,-0.5705244851268779,-0.27190099544602103,-0.625666958313152,-0.8406444711113974,1.671129913346182,-1.424193298688276,-0.5333293501532935,0.36924725619266924,0.5777958542500623,1.5670513954350715,-0.44607535117055724,1,2,0,0,0
-0.8617913102388481,-0.478645877655553,0.3968516354835006,0.14056200980785866,0.7537019309855223,1.034012158697378,1.3165240638606308,-0.1405620098078584,-0.7495575746145694,0.6255846078115531,-0.11579339176289609,0.8531835278785765,1.1988436412714996,1.0804719530483167,1.8763676743607778,-1.4292730478462214,0,1,3,0,0
-0.27884855602167363,0.33070861012471936,0.9462576663357141,0.3690788978469709,1.5328141223292484,1.7956592997531957,1.5968343684441577,-0.3690788978469705,1.6362184451677302,-0.41996069772307587,0.6038265570460628,1.6318163756403166,1.3341261833428812,1.2367287354099026,1.3302907868746539,-1.3009909960541537,2,0,2,1,1
-1.375906511609768,-0.5180420267881597,1.0481764662619215,0.5813671393266835,0.7486096944407921,0.5465579884216547,0.00840930913750579,-0.581367139326683,1.9164858190041234,-0.41996069772307587,0.08046659427591088,0.6858457667367992,0.7832669875180053,0.8665162300122075,-0.010192070415944754,-0.39975921030608513,0,3,2,1,1
-0.40395499185823613,0.3407940243026665,1.137886243280302,0.40460647544998063,1.7466880572079184,2.232336993958531,1.5033976002496487,-0.40460647544998024,-0.6269405985611474,1.671129913346182,0.6692465523923318,1.9220961653760527,1.553781787198071,1.3855586124818526,1.1788741186092706,-1.4295437662977082,2,4,0,0,0
2.146467090682266,1.1161102392323663,-1.1165363780040929,0.3598680443943388,-0.9216438922307255,-0.8447174559069723,-0.7390848364185657,-0.35986804439433834,-1.1699586353691596,0.6255846078115531,1.3234465058550218,-0.9021554359351703,-1.167735365325018,-1.213604002510118,-1.0529504332570954,1.4051848489845373,1,1,3,0,0
-0.5880021497454591,0.3407940243026665,1.3948065514276173,0.4927675013537456,1.4513383376135647,1.836280480609506,1.8771446730276844,-0.4927675013537452,1.3594544135042916,1.671129913346182,0.4729865663535248,1.5908356994423303,1.4189079365905783,1.2773897156375709,1.7535003746764002,-1.4285819863479479,2,3,0,1,0
-1.1218910127075679,-1.2980857796137726,-0.6202130554467797,-0.3221737231696137,2.016576594078621,1.3386710151197052,1.4099608320551398,0.3221737231696142,-0.5043236225077251,0.6255846078115531,1.7813864732789046,1.8025691931319259,0.6891133200207954,0.8195117208999161,0.4187624439170468,-0.8239339101697342,3,2,3,0,0
1.614859804057602,1.4624811824062447,0.20893884811955532,0.42258957028607197,-0.4735270762944647,-0.5603691899128004,-0.9259583728075835,-0.4225895702860716,-0.2625930125738357,-1.1169909014128285,0.27672658031471786,-0.506008899354636,-0.7083495141106103,-0.6830811183476858,-1.1684934737427248,1.0788885980579392,1,0,4,0,1
-0.4556707221736541,0.10504746789314783,0.8130200685155149,0.48662693238532434,-0.49389602247338565,-0.4181950569157144,-0.5522113000295478,-0.48662693238532373,-1.0017982110673236,-0.41996069772307587,-1.424193298688276,-0.4718583358563141,0.6000123523412172,0.6356533755226337,0.5016286569131928,-0.4211721641717083,2,1,2,0,1
0.1200470403082783,0.6446171264133295,0.9181238309394167,0.6256669583131524,0.768978640619713,0.587179169277965,0.5690299183045594,-0.625666958313152,0.01417101908960272,0.6255846078115531,0.08046659427591088,0.7131662175354567,0.8164488967681234,0.8914743764435127,0.6791991133335059,-0.5880090625996052,1,3,3,0,0
0.05578264013691341,0.3407940243026665,0.4961162999949631,-0.055936197181627144,1.115250725661369,1.31836042469155,1.4099608320551398,0.05593619718162755,-0.8161210759007129,-0.7684757995679522,0.14588658962217987,1.1912741065119636,1.3227100264699239,1.2417797888543336,1.6279326947791788,-1.5529552720970343,2,4,1,0,1
-0.3172550910353295,-0.904754626673827,-1.08097096344651,0.6011046824394665,-0.9369206018649162,-0.8447174559069723,-0.6456480682240567,-0.6011046824394662,0.8164363766962792,-1.1169909014128285,0.4729865663535248,-0.9124006049846669,-1.1653406331951746,-1.2100015530723918,-0.8834209031652491,1.4633754178737415,0,2,4,1,1
-0.43171417063048245,-1.0847162359115745,-1.2242942758427395,0.6256669583131524,-0.9980274404016791,-0.8447174559069723,-1.0193951410020925,-0.625666958313152,1.0406502757653937,1.671129913346182,-1.7512932754196209,-0.9533812811826532,-1.2076475674890752,-1.2736448264722202,-1.274075907289938,1.6111648821168378,0,2,0,1,0
2.0829632159567164,0.9840543473398686,-1.250304802907241,0.529610915164274,-0.8859982364176139,-0.8447174559069723,-0.7390848364185657,-0.5296109151642738,-0.6724840468095612,-0.41996069772307587,1.4542864965475597,-0.878250041486345,-1.1512383217638744,-1.1887871286057823,-1.0609913595855622,1.466955303858691,1,2,2,0,1
0.4311019476466008,0.7776185258850096,0.7079163060916138,0.6256669583131524,0.18337143797573577,0.04894852293185382,0.7559034546935772,-0.625666958313152,0.15080136383484466,-0.7684757995679522,-0.704573349879317,0.13943675076364836,0.8435977316091289,0.9635126627338712,2.0997627646960106,-0.980995955329142,1,0,1,0,1
-1.2496592876044827,-0.5048049206796038,0.8942366122067117,0.5554890272454788,0.23938603996776836,-0.04244913399484431,-0.08502745905700314,-0.5554890272454784,1.9129824768311685,0.6255846078115531,-0.377473373147972,0.14626686346331275,0.47418364765116533,0.6356533755226337,0.17279447835705747,-0.20059471989439745,0,0,3,1,0
0.04057213122061379,0.29005178421986905,0.43188622295813467,0.5234703461958528,-0.17308512015538077,-0.5197480090564901,0.10184607733201473,-0.5234703461958524,-0.12596266782859394,-0.7684757995679522,1.7159664779326356,-0.2908603493152079,-0.7439444458497141,-0.6911470699314174,-0.479523356527859,0.9726553021177811,2,2,1,0,1
1.6300703129739011,1.4835975183413215,0.22327117935917806,0.4375023806379524,-0.7230466669862463,-0.733009208552119,-0.8325216046130746,-0.4375023806379522,-1.1068984762559713,-0.7684757995679522,-0.704573349879317,-0.7314026184435607,-0.7909883661097523,-0.7529271350190783,-0.9189349944493117,1.0892831926958915,1,4,1,0,1
-0.8249058261168222,-0.478645877655553,0.34536140843744784,0.29802374264095144,0.48890563065954995,0.4145391506386463,-0.27190099544602103,-0.298023742640951,-0.7530609167875244,-0.41996069772307587,-0.18121338710916507,0.46728216034753883,0.7478729509845462,0.7912258216111031,-0.23232922962410119,-0.4349032783369295,0,1,2,0,1
0.6037412238465992,0.9364637991876801,0.7344576602390638,0.6230352858981144,0.4838133941148197,0.37391796978233605,0.5690299183045594,-0.6230352858981142,-1.2190054257905285,-0.7684757995679522,-0.24663338245543406,0.4502068785983779,0.790990362946912,0.8551129389703183,1.0159706686134098,-0.655682873513003,1,1,1,0,1
0.5212242129756749,1.3052117550688784,1.4707148242893235,0.583560199672548,1.1763575641981319,0.9730803874129127,1.7837079048331754,-0.5835601996725479,0.2033514964291683,-0.7684757995679522,0.5384065616997938,1.1161428668156554,0.8767428538201671,0.9357598679771093,1.5843753424029068,-0.8925359260968181,1,0,1,0,1
1.3889837466505561,1.9424838634379245,1.3326997827225837,0.061173225287552896,0.2139248572441172,0.5465579884216547,0.00840930913750579,-0.06117322528755272,-0.7145241528850204,1.671129913346182,-0.900833335918124,0.32726485000441896,1.575703372899113,1.3837409751346528,0.9876109586951024,-1.546591970367306,1,2,0,0,0
-0.7838374520428139,-0.478645877655553,0.28803208347895615,-0.03225114544628749,0.728240748261871,1.0949439299818435,0.5690299183045594,0.03225114544628776,-0.6024172033504629,-0.41996069772307587,-0.24663338245543406,0.8565985842284087,1.3696714182312975,1.2062482404866133,1.0159706686134098,-1.4223870568716843,0,4,2,0,1
-0.5572008691899527,0.1882521348612132,1.094889249561433,0.5866304841567589,0.7435174578960618,0.42469444585272387,-0.27190099544602103,-0.5866304841567586,-0.23456627519019652,1.671129913346182,-0.11579339176289609,0.6414500341889806,0.9167974126454963,1.066785227585988,-0.26593396116170887,-0.4423026508726991,2,2,0,0,0
-0.3522392615428182,-1.2980857796137726,-1.6946070713355519,-3.4095640780780787,-0.9980274404016791,-0.8447174559069723,-0.9259583728075835,3.4095640780780783,-0.5358537020643194,-0.41996069772307587,-1.7512932754196209,-0.9533812811826532,-1.2076475674890752,-1.2736448264722202,-0.62298423374879,-0.30462100784886753,3,2,2,0,1
0.23830874713250613,-0.478645877655553,-1.138831115487951,-2.705591707055478,-0.9878429673122187,-0.8447174559069723,-1.0193951410020925,2.7055917070554782,0.32596847248259053,-0.41996069772307587,-1.620453284727083,-0.9465511684829888,-1.1723917889108246,-1.2206087653056965,-1.274075907289938,0.14028340740843614,0,2,2,1,1
-1.4569024715890622,-1.2980857796137726,-0.15255439536871251,0.3164454495462157,0.24957051305722885,-0.0018279531385340317,0.47559315011005043,-0.31644544954621534,-1.078871738872332,-0.7684757995679522,-0.377473373147972,0.16675720156230592,0.5055221174984991,0.6513677640164186,1.0409167097452547,-0.556501410007701,3,1,1,0,1
1.6760821024457073,1.5103868997514949,0.20416140437301492,0.40416786338080773,-0.6008329899127206,-0.7126986181239638,-0.5522113000295478,-0.40416786338080735,-0.12245932565563904,0.6255846078115531,0.015046598929641896,-0.6426111533479237,-0.8187656462017072,-0.7722129754432687,-0.6821743858888943,1.0363315092047443,1,3,3,0,0
-0.47354307015030583,-1.2980857796137726,-1.5252732318748217,-2.902089914044964,-0.9267361287754557,-0.8447174559069723,-0.36533776364052994,2.9020899140449643,0.13328465297007006,-0.41996069772307587,0.7346665477386007,-0.9055704922850025,-1.1627765765713018,-1.2061443849875537,-0.6525793098188422,-0.11478474640619994,3,3,2,0,1
1.0745064748060655,1.9796738282191055,1.8343313761093878,0.3712719581928355,0.7791631137091735,1.1254098156240762,0.3821563819155415,-0.37127195819283537,-0.8791812350139013,-0.7684757995679522,-0.31205337780170306,0.9009943167762273,1.527193542223776,1.3705816516873195,0.8187187576637519,-1.3278812579927568,1,2,1,0,1
-0.3507182106511883,-1.0481566095165156,-1.2757845028887924,0.6256669583131524,-0.972566257678028,-0.8447174559069723,-1.0193951410020925,-0.625666958313152,-0.41323672601089734,-0.41996069772307587,-0.835413340571855,-0.9363059994334922,-1.1723917889108246,-1.2206087653056965,-1.274075907289938,1.5817286728865387,0,4,2,0,1
0.8741080198338211,1.946896232140777,2.058871232196814,0.4436429496063741,1.7721492399315695,2.212026403530376,1.8771446730276844,-0.4436429496063737,-0.8196244180736678,0.6255846078115531,0.7346665477386007,1.9323413344255491,1.5006372414765223,1.34922947121768,1.4782661672249149,-1.4463274160796022,1,2,3,0,0
0.7018490063567303,1.7883661280311676,2.032329878049364,0.5151367168815665,2.510523538917454,2.8924311828735734,3.0918226595563008,-0.5151367168815661,-0.213546222152467,-1.1169909014128285,1.2580265105087527,2.656333280589974,1.6589184292194368,1.537266415353537,2.0314664353035825,-1.6917569609739445,1,0,4,0,1
-0.5777350562269569,-1.2980857796137726,-1.379826611146796,-1.984952077404305,-0.9165516556859953,-0.8447174559069723,-0.7390848364185657,1.9849520774043052,-0.5183369911995448,-0.41996069772307587,1.3234465058550218,-0.8987403795853381,-1.1650745518474144,-1.2096012809126444,-1.0529504332570954,0.38835279545763535,3,2,2,0,1
0.4991689750470409,0.3407940243026665,-0.12282807872356849,-0.17304561965080767,-0.6313864091811021,-0.7634750941943518,-0.5522113000295478,0.17304561965080792,0.872489851463558,-0.7684757995679522,-0.24663338245543406,-0.6801767731960778,-0.8186182866256226,-0.7469418741977778,-0.6005327967301296,0.7651638029373331,2,3,1,1,1
0.17594566057567856,-0.5634263905889225,-1.1945679591975955,-1.9902154222343804,-0.9572895480438371,-0.8447174559069723,-0.7390848364185657,1.9902154222343806,1.9094791346582136,-1.1169909014128285,-0.24663338245543406,-0.9260608303839957,-1.1687446394027299,-1.2151222762195044,-0.869950040954053,0.3414341759744099,0,3,4,1,1
0.30143235913514854,-0.5170965192089771,-1.291709315377262,0.6256669583131524,-0.9623817845885675,-0.8447174559069723,-1.0193951410020925,-0.625666958313152,0.8164363766962792,-1.1169909014128285,-0.31205337780170306,-0.9294758867338279,-1.1723917889108246,-1.2206087653056965,-1.274075907289938,1.5817286728865387,2,0,4,1,1
-1.1774093702520607,-0.478645877655553,0.8374381143311692,0.41908067373268815,2.1998971096889095,2.4151323078119273,2.25089174580572,-0.419080673732688,1.9129824768311685,0.6255846078115531,1.3234465058550218,2.2875071948080974,1.3174644227569334,1.2400643367411304,1.3057212897598935,-1.2590387350058587,0,3,3,1,0
0.13107465927259535,0.035395076226699365,-0.12335890580651739,0.4318004237387041,-0.7637845593440882,-0.7228539133380415,-0.5522113000295478,-0.43180042373870375,0.9460600370956113,1.671129913346182,-0.7699933452255859,-0.755308012892386,-0.8181551565293566,-0.8089479095845837,-0.34394494508829804,0.9596071854927832,2,3,0,1,0
-1.2359698295798134,-0.478645877655553,0.9191854851053145,0.5559276393146517,0.23938603996776836,-0.011983248352611602,-0.36533776364052994,-0.5559276393146514,1.9129824768311685,-0.7684757995679522,-0.573733359186779,0.15651203251280932,0.7020404388328205,0.8743156507719905,-0.1346654785929289,-0.3104999051765824,0,0,1,1,1
0.2949678928457215,0.5759102423260631,0.5582230686999956,0.6256669583131524,-0.6161096995469113,-0.5603691899128004,-0.5522113000295478,-0.625666958313152,-0.6900007576743359,-0.41996069772307587,-1.620453284727083,-0.6016304771499374,0.6080250292908196,0.7152074672724194,1.167517868489367,-0.5412864264353004,1,2,2,0,1
-1.2040277608555847,-1.2980857796137726,-0.5055544055297961,-0.24322355071848084,2.021668830623351,2.293268765242997,2.904949123167283,0.2432235507184814,-1.0508450014886925,-0.7684757995679522,1.3888665012012906,2.126999546365984,1.147960749368839,1.0560132677313772,1.7643519025687526,-1.5236535545580108,3,1,1,0,1
0.7254252951769946,0.9575801351227569,0.6001584082529664,0.6151402686530015,0.09171118017059152,0.05910381814593139,-0.36533776364052994,-0.615140268653001,-0.3221498295140694,0.6255846078115531,-0.704573349879317,0.0813807928165011,0.7346253250945369,0.7899400989161571,-0.031082712347746375,-0.3390870814584201,1,3,3,0,0
-0.2799893441903961,0.3407940243026665,0.9648366142389287,0.19670435466199768,-0.08651709889496677,0.14034617985855194,-0.36533776364052994,-0.19670435466199732,0.8514697984258284,-0.41996069772307587,-1.097093321956931,-0.010825728628968105,1.2250011544102013,1.0997189107297163,0.4350397357555755,-1.051087488065631,2,0,2,1,1
-0.3476761088679285,-0.9573878819149896,-1.1271529196630725,0.6125085962379636,-0.9267361287754557,-0.8447174559069723,-0.9259583728075835,-0.6125085962379632,1.891962423793439,-0.7684757995679522,1.5197064918938286,-0.9055704922850025,-1.1723917889108246,-1.2206087653056965,-1.204316085124815,1.5578496820153145,0,3,1,1,1
-1.1819725229269507,-1.2980857796137726,-0.5363423763408379,-0.2590135852087076,1.262925585458546,1.5113110337590239,1.6902711366386667,0.2590135852087081,-0.9737714736836842,-0.7684757995679522,0.5384065616997938,1.3551968113039088,1.1175140245984623,1.0237221157654903,1.4890936340798118,-1.4333093127990106,3,4,1,0,1
-1.0652318669943528,-1.2980857796137726,-0.6993062908061805,-0.4612137490974422,0.9166535004168899,0.5364026932075772,0.47559315011005043,0.46121374909744256,-0.8266311024195777,-1.1169909014128285,0.40756657100725585,0.7951275699314293,0.6437328050303295,0.7716432759496176,0.32861128911904164,-0.8227062058563954,3,4,4,0,1
-1.3553723245727636,-1.2980857796137726,-0.2942852265160949,0.11994724255672987,0.25466274960195906,0.6176450549201977,0.2887196137210326,-0.11994724255672934,0.4766121859196522,1.671129913346182,-0.5083133638405101,0.3784906952519018,0.9923130157937486,0.8138545410421534,0.9135921158083194,-1.0147728922014225,3,3,0,1,0
-1.2758974154850995,-1.2980857796137726,-0.4052280868524355,-0.066462886841778,1.5633675415976298,1.8667463662517387,1.3165240638606308,0.0664628868417786,-0.8231277602466228,1.671129913346182,0.7346665477386007,1.676212108188135,1.2602569329884517,1.151549606869728,0.9455547979639758,-1.3274804721743216,3,4,0,0,0
1.5015415126311715,1.2573060377236294,0.02155688783855968,0.5287336910259283,-0.3564056357656693,-0.6009903707691107,-0.17846422725151206,-0.5287336910259279,-0.13997603652041365,0.6255846078115531,0.7346665477386007,-0.4411228287078244,-0.7268869505129335,-0.6661408531102212,-0.475008853398529,0.9595140400972806,1,3,3,0,0
0.05350106379946842,-0.6850816991104121,-1.2285408925063315,-0.7379779647455796,-0.9674740211332977,-0.8447174559069723,-0.9259583728075835,0.7379779647455801,-0.43075343687567197,1.671129913346182,-0.377473373147972,-0.93289094308366,-1.1763090976417416,-1.2265016609908659,-1.1293888687252385,0.9572285375925496,0,4,0,0,0
-0.4100391954247558,-1.0223127356855255,-1.149447657146931,0.6221580617597686,-0.9776584942227582,-0.8447174559069723,-0.8325216046130746,-0.6221580617597683,1.9129824768311685,0.6255846078115531,-0.639153354533048,-0.9397210557833244,-1.183121808478118,-1.2367501752259429,-0.9343759037032521,1.5006145613840571,0,3,3,1,0
1.6954755013139886,0.7423195762621939,-1.1165363780040929,0.6256669583131524,-0.9878429673122187,-0.8447174559069723,-1.0193951410020925,-0.625666958313152,-0.020862402639946497,0.6255846078115531,-1.3587733033420069,-0.9465511684829888,-1.184143715103575,-1.2382874523612044,-1.274075907289938,1.5915407426299728,1,3,3,0,0
-1.351569697343689,-1.2980857796137726,-0.29959349734558477,0.1506500873988366,0.381968663220215,0.17081206550078465,0.19528284552652367,-0.1506500873988365,0.735859506718316,-1.1169909014128285,-0.24663338245543406,0.3136046246050902,0.5964757225151857,0.7088065633385285,0.47713618016556353,-0.5572126508830259,3,0,4,1,1
1.485570478269057,1.1476271585384517,-0.14087619954383462,0.5524187427612679,-0.8707215267834232,-0.7634750941943518,-0.6456480682240567,-0.5524187427612677,-1.1839720040609794,0.6255846078115531,-1.424193298688276,-0.8406844216381909,-0.7845782245500705,-0.7914988158674591,0.14648774407256676,0.855916219003413,1,1,3,0,0
0.09304838698184682,-0.609756261968868,-1.1568792363082165,-1.0375500079907114,-0.9623817845885675,-0.8447174559069723,-0.8325216046130746,1.0375500079907118,-0.5323503598913645,-0.41996069772307587,-0.5083133638405101,-0.9294758867338279,-1.1681610954814348,-1.2142444379657136,-0.9615519039901869,0.7770472567057437,0,4,2,0,1
0.017756367846164904,0.3407940243026665,0.5491990082898629,0.06555934597928251,1.889270680460365,2.222181698744454,2.0640182094167026,-0.06555934597928231,-0.8651678663220818,-0.41996069772307587,0.8000865430848698,2.0143026868215217,1.515665462244221,1.3993726563205753,1.590727456291113,-1.6517897969001847,2,4,2,0,1
1.932379177685352,0.9793268094439561,-1.0480596843036718,0.6103155358920991,-0.9216438922307255,-0.8447174559069723,-0.8325216046130746,-0.6103155358920984,-0.6900007576743359,0.6255846078115531,0.7346665477386007,-0.9021554359351703,-1.1595715057914608,-1.201322924881506,-1.0965054508696248,1.5180920622060852,1,2,3,0,0
-0.587241624299644,-0.478645877655553,0.01359448159432403,-0.21866127484479536,1.655027799402774,2.1104734513896006,1.8771446730276844,0.2186612748447957,-0.9457447363000449,-0.41996069772307587,0.6692465523923318,1.819644474881087,1.4553935679099308,1.2967540449472086,1.5422741224461902,-1.711818844361298,0,1,2,0,1
0.1177654639708333,-0.6718445930018562,-1.295955932040854,-1.473530404748633,-0.9471050749543767,-0.8447174559069723,-0.9259583728075835,1.473530404748634,1.9094791346582136,0.6255846078115531,-0.24663338245543406,-0.9192307176843313,-1.1590189073811434,-1.2004916386563254,-1.1393672851779761,0.6271179415603072,0,3,3,1,0
-0.6518862871939165,-1.2980857796137726,-1.2763153299717411,-1.1945731287546313,-0.9521973114991069,-0.8447174559069723,-0.7390848364185657,1.1945731287546315,-0.26959969691974556,-1.1169909014128285,1.1271865198162148,-0.9226457740341635,-1.182263406912735,-1.2354588624323233,-1.0396829048151246,0.7412449506659036,3,2,4,0,1
2.4887035412990026,1.4221395256944553,-1.0788476551147137,-2.364351517238915,-0.9471050749543767,-0.8447174559069723,-0.9259583728075835,2.3643515172389153,-1.0858784232182417,-0.41996069772307587,-0.11579339176289609,-0.9192307176843313,-1.1621562402913328,-1.2052111991605767,-1.1480581640239091,0.2465421110526758,1,4,2,0,1
0.7543252621179631,1.7228109358745096,1.8486637073490104,0.5063644754981073,0.7995320598880944,1.0035462730551454,1.129650527471613,-0.5063644754981069,0.035191072127332246,-0.41996069772307587,-0.31205337780170306,0.8736738659775698,1.4869012238486328,1.4008879723539047,1.9348759123057198,-1.526750225123163,1,0,2,0,1
-0.6321126256027272,-1.2980857796137726,-1.3039183382850892,-1.6616949824238332,-0.46334260320500426,-0.661922142053576,-0.45877453183503886,1.6616949824238336,-0.8196244180736678,1.671129913346182,0.8655065384311388,-0.5333293501532935,-0.8305640226956145,-0.7894025288648298,-0.7645259019099091,0.1737453231311043,3,4,0,0,0
-0.7633032650058097,-0.478645877655553,0.2593674209997103,0.049330699419883314,1.242556639279625,1.4300686720464033,1.3165240638606308,-0.049330699419882745,1.9059757924852587,-0.7684757995679522,0.21130658496844887,1.3142161351059225,1.3934454298396195,1.3192292750022727,1.4388060657981785,-1.5171628473922414,0,0,1,1,1
0.07023262360739767,-0.022280886103436797,-0.13556792871434417,0.45241519098983335,-0.5091727321075764,-0.5502138946987228,-0.27190099544602103,-0.45241519098983285,-0.7320408637497949,-0.7684757995679522,0.7346665477386007,-0.5264992374536291,-0.8070137200089571,-0.8107846562916496,-0.5637940816086856,1.0165362446255528,2,4,1,0,1
-0.18568418890933966,0.3407940243026665,0.8331914976675769,0.31512961333869693,-0.5193572051970369,-0.38772917127348167,-0.7390848364185657,-0.31512961333869643,1.1983006735483652,-0.7684757995679522,-1.5550332893808139,-0.4786884485559785,0.9703760869006152,0.9420839511514375,0.02810743979235793,-0.6811686025961476,2,3,1,1,1
-1.3184868404507377,-1.2980857796137726,-0.34577545356214767,0.16687873395823627,2.0929601422495745,1.3488263103337828,1.9705814412221934,-0.16687873395823596,-0.9282280254352703,-0.41996069772307587,1.7159664779326356,1.857210094729241,0.7595053660634715,0.9089239279738747,0.8447308947422724,-0.7821356575503273,3,4,2,0,1
0.37824542916246034,-0.43042499111724236,-1.252958938321985,0.6256669583131524,-0.9827507307674884,-0.8447174559069723,-1.0193951410020925,-0.625666958313152,0.12978131079711513,-1.1169909014128285,-1.424193298688276,-0.9431361121331566,-1.1691867181309836,-1.215787305199649,-1.274075907289938,1.5790526538656022,2,2,4,0,1
-1.2336882532423685,-1.2980857796137726,-0.4641498930597743,-0.08488459374704271,0.2699394592361498,0.1200355894303968,0.47559315011005043,0.08488459374704291,0.3855252894228242,0.6255846078115531,-0.44289336849424105,0.221398103159621,0.6581967141906373,0.7580442859069192,1.1299548873235317,-0.880842028962032,3,0,3,1,0
1.8285674543316084,1.5195268063502594,0.0066937295159876726,0.3265335271371936,-0.4837115493839252,-0.7126986181239638,-0.5522113000295478,-0.3265335271371934,-0.24507630170906128,-0.7684757995679522,0.08046659427591088,-0.5640648573017832,-0.7348053606748934,-0.6434516290817619,-0.6995832541653956,0.9371759314754882,1,3,1,0,1
1.0710841102998987,0.8901339278077346,0.004039594101242079,0.6239125100364608,-0.49898825901811594,-0.6213009611972657,-0.27190099544602103,-0.6239125100364602,0.12627796862416021,1.671129913346182,0.8655065384311388,-0.5435745192027901,-0.8397611823247233,-0.8216853487053224,-0.5946759001165661,1.126135986935242,1,0,0,0,0
-1.239392194085981,-0.49125264537798735,0.9027298455338955,0.595841337609391,1.3545858432636901,0.9832356826269902,1.0362137592771041,-0.5958413376093907,-0.8406444711113974,-0.41996069772307587,0.8000865430848698,1.2390848954096143,0.8042821967097469,0.9043694187663541,0.635793001764096,-0.579441000763299,0,1,2,0,1
0.8315185948681826,1.1454209741870258,0.7684305935477996,0.5160139410199124,-0.5550028610101485,-0.3674185808453265,-0.7390848364185657,-0.516013941019912,-1.0193149219320983,-0.7684757995679522,-1.5550332893808139,-0.4957637303051394,0.892029912282281,0.7770828719666969,0.02810743979235793,-0.5288315743409628,1,4,1,0,1
0.8071817806021035,-0.03268146947444491,-1.181828109206819,-0.8300864992719013,-0.9063671825965348,-0.8447174559069723,-0.7390848364185657,0.8300864992719017,1.6677485247243244,1.671129913346182,0.9963465291236767,-0.8919102668856738,-1.1547638996216996,-1.1940907347224348,-1.0299165297120074,0.873453180768961,2,0,0,1,0
0.6105859528589342,0.7397982227177071,0.3936666729858061,0.6256669583131524,-0.8299836344255813,-0.6517668468394985,-0.9259583728075835,-0.625666958313152,-1.1769653197150696,-1.1169909014128285,-1.7512932754196209,-0.7757983509913792,0.014552756556938062,-0.10685148080869837,-0.62298423374879,0.4209798866153388,1,1,4,0,1
1.9312383895166294,0.949385736103175,-1.0968957759349798,0.6050521910620231,-0.931828365320186,-0.8447174559069723,-0.7390848364185657,-0.6050521910620229,-1.152441924504385,-1.1169909014128285,0.7346665477386007,-0.9089855486348347,-1.1659816473511428,-1.2109658450936012,-1.0077202226594684,1.4980216708640375,1,1,4,0,1
0.9630894969941728,0.083300793571949,-1.204122846690678,-2.1419751981682245,-0.9216438922307255,-0.8447174559069723,-0.8325216046130746,2.141975198168225,1.5136014691143078,1.671129913346182,0.6692465523923318,-0.9021554359351703,-1.1584534578450048,-1.19964102019335,-1.0923759053714779,0.3251578911922311,2,3,0,1,0
-0.6857296695326824,-1.2980857796137726,-1.2290717195892806,-1.3730882409080256,-0.5040804955628462,-0.6720774372676536,-0.7390848364185657,1.373088240908026,-0.8826845771868562,0.6255846078115531,0.40756657100725585,-0.5640648573017832,-0.7954261564203013,-0.7460040128155226,-0.9735720579632542,0.3237837031290352,3,4,3,0,0
-1.1184686482014006,-1.2980857796137726,-0.6249904991933207,0.10459582013567602,-0.6313864091811021,-0.7736303894084293,-0.7390848364185657,-0.10459582013567569,-1.0473416593157376,1.671129913346182,-0.5083133638405101,-0.68359182954591,-0.7620145262599902,-0.662669401833867,-0.8052899023403114,0.8914167935552053,3,1,0,0,0
-0.8941136416859844,-0.478645877655553,0.4419719375341655,0.31688406161538857,0.3310462977729126,0.1911226559289398,0.5690299183045594,-0.3168840616153883,-0.4062300416649875,-1.1169909014128285,-0.31205337780170306,0.2862841738064326,0.6206163787830518,0.7038425970224499,1.0977580463242438,-0.6672252818311085,0,4,4,0,1
-1.2013659217952324,-0.478645877655553,0.8708802205569559,0.5572434755221709,0.7486096944407921,0.37391796978233605,0.19528284552652367,-0.5572434755221702,1.8043788694695664,-1.1169909014128285,-0.050373396416627095,0.6277898087896518,0.8327806177271657,1.0002762960424842,0.31296004696661023,-0.5357790126889462,0,3,4,1,1
1.2247102503545222,0.9178688167970895,-0.16370176411064113,0.6204036134830769,-0.24946866832633433,-0.5095927138424126,0.00840930913750579,-0.6204036134830765,-0.25908967040088077,-0.41996069772307587,1.6505464825863667,-0.3386711382128586,-0.769989626517691,-0.7359688960253936,-0.5331784856741489,1.0503316653350494,1,3,2,0,1
-0.08263299100141118,0.3407940243026665,0.6893373581883985,-0.0283036368237308,0.010235395454907729,0.30283090328379303,0.47559315011005043,0.02830363682373113,-0.8756778928409465,0.6255846078115531,-0.900833335918124,0.10870124361515864,1.100678145739529,0.9371215126797158,2.0156504432337568,-1.456689009798146,2,4,3,0,0
-1.316965789559108,-1.3418942974492312,-0.4216837264238544,0.4269756909778016,-0.6364786457258323,-0.661922142053576,-0.7390848364185657,-0.42697569097780125,-0.1960295112876924,1.671129913346182,-0.44289336849424105,-0.6494412660475881,-0.7249145992638006,-0.6943278506532689,-0.8233201332999124,1.0046357555056744,3,2,0,0,0
0.6786529802593738,1.6181747637783064,1.7780637053167938,0.5304881393026198,0.4939978672042802,0.7801297783454388,0.3821563819155415,-0.5304881393026197,-0.2801097234386103,-1.1169909014128285,-0.573733359186779,0.5936392452913299,1.4541637151688287,1.3162828271596883,1.167517868489367,-1.2889395984047116,1,0,4,0,1
-1.0245437556432517,-0.478645877655553,0.6240456269856719,0.4423271133988554,2.128605798062686,1.6839510523983425,1.5033976002496487,-0.44232711339885483,-0.2766063812656554,-0.7684757995679522,1.7813864732789046,1.9938123487225288,0.8207348933795968,0.8972979439441505,0.48387161127116163,-0.6200003409947709,0,4,1,0,1
0.8068015178791964,0.790225293607444,0.2046922314559634,0.6256669583131524,-0.49898825901811594,-0.4181950569157144,-0.7390848364185657,-0.625666958313152,-0.23456627519019652,-1.1169909014128285,-1.424193298688276,-0.4752733922061463,0.5871920692218533,0.6163675350984431,-0.2086531687680595,-0.16514534772751108,1,3,4,0,1
-0.7864992911031662,-0.478645877655553,0.29174787305959915,0.5304881393026198,-0.738323376620437,-0.6822327324817312,-0.6456480682240567,-0.5304881393026197,0.5116456076492014,-1.1169909014128285,-0.573733359186779,-0.7245725057438963,-0.8139580400319459,-0.8228383065567686,-0.62298423374879,1.0715466530851372,0,2,4,1,1
-0.659491541652066,0.3407940243026665,1.4946020430220286,0.5563662513838246,1.049051650579876,0.8004403687735939,1.4099608320551398,-0.5563662513838243,0.9005165888471973,-0.7684757995679522,0.40756657100725585,0.9727105001227033,0.8317636241143317,0.913072772393681,1.3302907868746539,-0.8005121908554931,2,3,1,1,1
-0.9017188961441343,-1.2980857796137726,-0.9275619364742494,-0.4090189128658599,-0.2290997221474134,-0.43850564734386954,-0.08502745905700314,0.4090189128658603,0.9320466684037916,0.6255846078115531,1.7813864732789046,-0.30110551836470445,-0.7587239869260202,-0.7397484773958815,-0.62298423374879,0.6189025047967169,3,0,3,1,0
-0.9256754476873056,-1.469852989831938,-1.183420590455667,0.46864383754923256,-0.9674740211332977,-0.8447174559069723,-0.9259583728075835,-0.4686438375492324,-1.0017982110673236,-0.41996069772307587,-0.31205337780170306,-0.93289094308366,-1.1774283287077176,-1.2281853454723428,-1.134556262959692,1.4816188278001003,3,4,2,0,1
-0.344253744361761,-0.478645877655553,-0.3256040244100858,-0.07874402477862098,-0.6262941726363719,-0.7025433229098863,-0.27190099544602103,0.07874402477862145,1.9164858190041234,-0.7684757995679522,-0.11579339176289609,-0.6562713787472525,-0.8118730208687159,-0.7740793470972226,-0.26593396116170887,0.7131116808762319,0,0,1,1,1
0.07327472539065749,1.0666286759218124,1.6941930262108522,0.6221580617597686,2.3679409156650073,1.5011557385449463,1.8771446730276844,-0.6221580617597683,-0.1014392726179095,-0.7684757995679522,1.7813864732789046,2.0928489828676624,0.8888960652975477,1.0634776022659251,0.744308280687621,-0.6669888705771729,1,0,1,0,1
-0.12103952601506736,0.04264396766709913,0.24078847309649565,0.5848760358800672,-0.37168234539986,-0.6517668468394985,-0.45877453183503886,-0.5848760358800668,1.7623387633941072,-1.1169909014128285,0.7346665477386007,-0.4684432795064819,-0.7525275167516612,-0.6806052334283641,-0.7413645380289987,1.0746500418943434,2,0,4,1,1
1.3076075239483542,0.9210205087276979,-0.2741137973640334,0.6142630445146552,-0.7128621938967858,-0.6923880276958088,-0.8325216046130746,-0.6142630445146551,-1.0123082375861883,0.6255846078115531,-0.377473373147972,-0.7109122803445675,-0.8368090076289599,-0.8336419486462457,-0.9847018301605388,1.2211696227374795,1,4,3,0,0
0.3280507497386726,-0.478645877655553,-1.2641063070639145,-3.131045414153249,-0.9216438922307255,-0.8447174559069723,-0.9259583728075835,3.1310454141532493,0.8444631140799186,0.6255846078115531,1.5851264872400976,-0.9021554359351703,-1.1705362216172326,-1.2178173936653531,-1.2055399416540276,-0.06322720577646776,0,2,3,1,0
-0.32600113366220185,-0.9019181039362797,-1.0639844967921424,0.6072452514078882,-0.9012749460518046,-0.8447174559069723,-0.6456480682240567,-0.6072452514078878,1.9094791346582136,1.671129913346182,1.5851264872400976,-0.8884952105358416,-1.1606398627180745,-1.2029300782501886,-0.9999320447462967,1.4924803226470769,0,3,0,1,0
-0.6237468456987626,-0.7556795983560436,-0.40204312435474177,0.4940833375612643,-0.9521973114991069,-0.8345621606928947,-1.0193951410020925,-0.49408333756126405,0.7954163236585496,-1.1169909014128285,-1.7512932754196209,-0.9192307176843313,-0.9726090436340725,-0.9554284594730779,-1.274075907289938,1.3579868737335714,0,2,4,1,1
0.2900244774479241,-0.478645877655553,-1.2110235987690146,-2.915686888189325,-0.9878429673122187,-0.8447174559069723,-0.9259583728075835,2.915686888189325,1.9094791346582136,-1.1169909014128285,-1.4896132940345448,-0.9465511684829888,-1.179442944626475,-1.2312159775390012,-0.8834209031652491,-0.04657598896783452,0,0,4,1,1
